Name,Category,Secondary Category,Quantity,Ordering UoM,Last Count Date,Last Price,Total Cost
"0.9% Sodium Chloride Injection, 1000mL",Pharmaceuticals,Fluid Therapy/Electrolytes,0.67,case,03/30/2026 15:03:53,63.58,42.60
"3M Comply Steam Chemical Indicator, 240 Indicators/Pkg",Autoclaves and Inst Cleaners,Autoclaves Parts and Acc,0.7,order unit,12/04/2025 16:17:10,33.80,23.66
Acepromazine Injection: 50ml (10mg/ml),Pharmaceuticals,Sedatives and Tranquilizers,0.2,bottle,11/21/2025 19:32:31,26.98,5.40
"Adequan Canine (Polysulfated Glycosaminoglycan) Sterile Injection 100mg/mL, 5mL (Multi-Dose)",Pharmaceuticals,Antiinflammatories,0,box,04/06/2026 19:47:31,119.00,0.00
Albon 5% Oral Suspension: 16oz,Pharmaceuticals,Antimicrobial Agents,0.75,bottle,04/21/2026 20:02:42,101.85,76.39
"Alconox Powdered Precision Cleaner, 4lb",Autoclaves and Inst Cleaners,Inst Clean Disinfect Lube,0.6,each,11/08/2025 15:30:08,41.74,25.04
"Alfaxan Multidose (Alfaxalone) Anesthetic Injection for Cats and Dogs 10mg/mL, 20mL",Pharmaceuticals,Anesthetics,0.3,vial,03/30/2026 15:02:34,79.50,23.85
"Aloe and Oatmeal: Pina Colada, 1 Gallon",Grooming,Shampoos and Conditioners,1,order unit,04/21/2026 20:12:42,52.67,52.67
Aloe Vera Antibacterial Hand Soap: Gallon,Facility Supplies,Antiseptics Scrubs Soap,1,order unit,03/10/2026 16:34:31,15.02,15.02
"AlphaTrak 3 Blood Glucose Monitoring Test Strips, 50 Count",,,1,bottle,03/10/2026 16:30:45,47.60,47.60
"Amber Liquid Oval Bottles: 1oz, 12 Count",Facility Supplies,"Bags, Bottles and Jars",0.25,package,03/30/2026 15:29:23,,
"Amlodipine Besylate Tablets: 2.5Mg, 90 Count",Pharmaceuticals,Channel Blockers,0.43,bottle,11/08/2025 15:14:29,1.90,0.82
"Amoxicillin and Clavulanate Potassium Tablets: 125mg, 210 Count",Pharmaceuticals,Antibiotics,0,box,04/21/2026 19:58:45,129.23,0.00
"Amoxicillin and Clavulanate Potassium Tablets: 375mg, 210 Count",Pharmaceuticals,Antibiotics,0.09,bottle,01/29/2026 20:43:46,304.10,27.37
Amoxicillin Capsules 500mg:B500,,,0.86,bottle,03/30/2026 15:29:48,24.04,20.67
"Amoxicillin Capsules: 250mg, 500 Count",Pharmaceuticals,Antimicrobial Agents,0,bottle,12/04/2025 16:58:33,53.48,0.00
"Amoxi-Drop (Amoxicillin) for Veterinary Oral Suspension, 15mL",Pharmaceuticals,Antimicrobial Agents,1,bottle,04/21/2026 20:35:09,6.95,6.95
"Amoxi-Drop (Amoxicillin) for Veterinary Oral Suspension, 30mL",Pharmaceuticals,Antimicrobial Agents,0,bottle,04/21/2026 20:35:11,13.85,0.00
"Ampicillin And Sulbactam: 1.5G/10Ml, 10 Count",Pharmaceuticals,Antimicrobial Agents,0.7,box,04/06/2026 19:47:37,114.29,80.00
"Ampicillin for Injectable Suspension, Sterile, 250mL ",,,N/A,bottle,,39.81,
Anesthesia Clean Air Filter:EACH,,,0,each,04/06/2026 19:41:40,6.18,0.00
Anigen Canine Parvovirus Rapid Test Kit:B10,,,1,order unit,03/30/2026 14:58:11,110.65,110.65
"Animax Ointment, 15mL",Pharmaceuticals,Dermatologic Preparations,0,tube,04/21/2026 19:54:52,10.59,0.00
"Animax Ointment, 30mL",Pharmaceuticals,Dermatologic Preparations,0,tube,04/21/2026 20:32:57,16.83,0.00
"AOE Animal Odor Eliminator Deodorizing Wipes, 80 Count",Facility Supplies,Odor Neutralizers,2,package,04/21/2026 20:14:31,7.41,14.82
"Apomorphine (AQ) 1 mg / mL Injection Solution, 10 mL",Pharmaceuticals,Compounded Medication,N/A,order unit,,52.00,
"Apoquel Chewable Tablets: 16mg, 250 Count",Pharmaceuticals,Immunosuppressants,0.23,bottle,03/30/2026 15:43:30,419.40,96.46
"Apoquel Chewable Tablets: 3.6mg, 250 Count",Pharmaceuticals,Immunosuppressants,0.2,bottle,04/21/2026 19:58:51,419.40,83.88
"Apoquel Chewable Tablets: 5.4mg, 250 Count",Pharmaceuticals,Immunosuppressants,0.24,bottle,03/30/2026 15:27:58,419.40,100.66
Atopivet® Mousse: 250mL (8.45oz),Pharmaceuticals,Dermatologic Preparations,1,bottle,01/29/2026 20:43:52,18.28,18.28
"Atopivet® Spot-On: 2ml, 8 Count",Pharmaceuticals,Dermatologic Preparations,2,box,02/26/2026 21:36:47,25.70,51.40
"Atropine Sulfate Injection: 100ml (1/120Grain, 0.54mg/ml)",Pharmaceuticals,Antimicrobial Agents,1,bottle,01/29/2026 20:59:38,22.96,22.96
Aurocin Ear Cleanser for Dogs & Cats: 8oz,Pharmaceuticals,Otic Cleansers/Drying Agent,2,bottle,11/08/2025 15:14:42,6.00,12.00
"Azithromycin Oral Suspension, USP, 200mg/5mL, Cherry Flavored 30mL Bottle",Pharmaceuticals,Antimicrobial Agents,2,bottle,03/30/2026 15:10:07,3.94,7.88
Azithromycin Oral Suspension:  30ml (40mg/ml),Pharmaceuticals,Antimicrobial Agents,3,bottle,02/26/2026 21:36:51,6.93,20.79
Azodyl Small Capsules: 90 Count,Nutraceuticals,Renal,1.58,bottle,04/21/2026 20:07:13,65.96,104.22
B.N.P. Ophthalmic Ointment Valeant HG: 3.5g,Pharmaceuticals,Ophth Preps and Treatments,2,tube,03/30/2026 15:10:11,5.03,10.06
"Baytril 100 (Enrofloxacin) Antimicrobial Injectable Solution, 100mL",Pharmaceuticals,Antimicrobial Agents,0.05,bottle,04/21/2026 20:41:18,57.07,2.85
"Baytril Injection: 2.27%, 20 mL x 1 Count",Pharmaceuticals,Antimicrobial Agents,0.4,vial,11/21/2025 19:32:36,44.57,17.83
"BD Oral Dispensing Syringe with Tip Cap, Clear, 1cc",Administration and Transfusion,Syringes and Needles,0.9,box,04/21/2026 20:14:36,19.23,17.31
"Benazepril HCl Tablets 5mg, 100 Count",Pharmaceuticals,Cardiovascular Drugs,1.4,bottle,04/06/2026 20:20:22,5.03,7.04
"Benazepril Hydrochloride Tablets, USP, 5 mg 100 Count Each",Pharmaceuticals,Cardiovascular Drugs,3.35,bottle,04/21/2026 19:55:03,2.55,8.54
"Betacilin Clav Drops (Amoxicillin and Clavulanate Potassium for Oral Suspension) 62.5mg/mL, 15mL",Pharmaceuticals,Antimicrobial Agents,3,box,04/21/2026 19:58:59,13.31,39.93
Biopsy Skin Punch: 2mm,Diagnostics Exam,Biopsy,1,each,04/21/2026 20:40:30,2.46,2.46
Biopsy Skin Punch: 8mm,Diagnostics Exam,Biopsy,4,each,11/21/2025 19:33:44,2.72,10.88
"Blockade Surgical Reusable Gown: Non-Sterile, X-Large, 1 Each",Apparel and Drapes,Gowns,2,each,01/15/2026 20:54:43,19.32,38.64
"Boston Round Bottle with Red Yorker Cap: 4oz, 25 Count",Facility Supplies,"Bags, Bottles and Jars",0.68,bag,01/29/2026 20:43:57,12.43,8.45
"Boston Round Bottle with Red Yorker Cap: 8oz, 25 Count",Facility Supplies,"Bags, Bottles and Jars",0.76,order unit,11/08/2025 15:14:47,18.12,13.77
"Bouffant Surgical Cap: 24"", 100 Count",Apparel and Drapes,Caps,0.7,box,11/14/2025 19:33:44,6.18,4.33
Bupivacaine HCl Inj USP 0.5% 50mL Flip Top Vial:B25,,,0.92,tray,03/30/2026 15:00:59,84.62,77.85
"Buprenorphine (AQ BM) 0.5 mg / mL Suspension, 120 mL, Chicken",Pharmaceuticals,Compounded Medication,0.7,bottle,04/21/2026 20:12:31,95.00,66.50
BUPRENORPHINE 0.3MG/ML(CIII) 5X1ML VIALS,Pharmaceuticals,Analgesics,1,box,03/30/2026 15:33:20,81.18,81.18
"Bur: #8, Surgical, Round, Friction Grip, 10 Count",Dentistry,Burs/Finishing,1,order unit,11/21/2025 19:32:43,,
Butterfly Catheters 21x.75 w/12in Tubing:EACH,,,0,needle,02/26/2026 21:49:23,0.73,0.00
"C.E.T.® Enzymatic Tartar Control Toothpaste: Vanilla-Mint, 70g",Nutraceuticals,Dental Care,1,tube,03/10/2026 16:45:00,8.23,8.23
Calcium Gluconate 23%:500CC,,,0.8,bottle,11/14/2025 19:38:39,4.66,3.73
"Capstar Tablets Green: 57mg (Dogs over 25lbs), 6 Doses",Parasiticides,Ext Parasiticides Insecticides,1,box,01/29/2026 20:53:48,29.19,29.19
Carbide Bur Crosscut Fissure Taper Long: 10 Count,Dentistry,Burs/Finishing,1.5,package,03/30/2026 15:02:42,28.26,42.39
"Carprovet (Carprofen) Flavored Tablets for Dogs 100mg, 180 Count",Pharmaceuticals,Antiinflammatories,0.1,bottle,04/21/2026 19:55:51,91.29,9.13
"Carprovet (Carprofen) Flavored Tablets for Dogs 25mg, 180 Count",Pharmaceuticals,Antiinflammatories,0.92,bottle,04/06/2026 20:20:31,62.60,57.59
"Carprovet (Carprofen) Flavored Tablets for Dogs 75mg, 180 Count",Pharmaceuticals,Antiinflammatories,1.82,bottle,04/21/2026 19:55:56,72.23,131.46
Cat Lax:2OZ,,,1,tube,04/06/2026 20:10:50,5.80,5.80
Catheter Slippery Sam Tom Cat Urethral:EACH,,,3,order unit,03/30/2026 15:00:22,16.74,50.22
Cefazolin Sodium: 1g/vial,Pharmaceuticals,Antimicrobial Agents,13,vial,05/04/2026 16:44:21,1.65,21.45
"Cefpoderm® (cefpodoxime proxetil) Tablets: 200 mg, 100 count",Pharmaceuticals,Antimicrobial Agents,0.03,bottle,04/21/2026 20:36:01,84.96,2.55
"Cefpodoxime Proxetil Tablets 100mg, 100 Count",Pharmaceuticals,Antimicrobial Agents,0.73,bottle,04/21/2026 19:59:08,38.03,27.76
"Cephalexin Capsules 500mg, 500 Count",,,0.09,bottle,04/21/2026 20:49:33,39.42,3.55
"Cephalexin Capsules: 250mg, 500 Count",Pharmaceuticals,Antimicrobial Agents,1.16,bottle,11/14/2025 19:21:03,22.06,25.59
"CeraDerm Aloe and Oatmeal Conditioning Shampoo for Dogs or Cats, 1 Gallon",,,0.3,order unit,03/30/2026 15:07:03,39.43,11.83
"Cerenia (Maropitant Citrate) Antiemetic Injectable Solution 10mg/mL, 20mL",Pharmaceuticals,Antiemetics,0.25,vial,04/21/2026 20:05:26,210.80,52.70
Chamber Brite Powdered Cleaner: 10 Count,Autoclaves and Inst Cleaners,Autoclaves Parts and Acc,1,box,02/26/2026 20:50:02,54.92,54.92
Chlorhexidine 2% Solution: 1 Gallon,Pharmaceuticals,Antiseptics,0,gallon,04/06/2026 20:58:28,7.95,0.00
Chlorhexidine 4% Scrub with  Aloe Vera: 1 Gallon,Facility Supplies,Antiseptics Scrubs Soap,1.25,bottle,04/21/2026 20:11:39,35.56,44.45
"Chlorpheniramine Tablets: 4mg, 1000 Count",Pharmaceuticals,Antihistamine,0.78,bottle,12/04/2025 16:04:47,5.87,4.58
"Ciprofloxacin Ophthalmic Solution, 0.3% 5 mL Each",,,2,order unit,04/21/2026 19:56:19,7.06,14.12
"Ciprofloxacin Tablets: 250mg, 100 Count",Pharmaceuticals,Antimicrobial Agents,1,order unit,03/10/2026 16:27:04,8.45,8.45
"Ciprofloxacin Tablets: 500mg, 100 Count",Human Generics,HUM-Not Applicable,1.71,bottle,03/23/2026 16:31:59,13.61,23.27
Clean-Catch Disposable Cup: 120 Count,Diagnostics Laboratory,Urine Collection,0.37,box,03/23/2026 18:14:38,51.58,19.08
Clindamycin Capsule 75mg:B100,,,0.4,bottle,04/21/2026 19:59:15,27.81,11.12
"Clindamycin Hcl Capsules: 150Mg, 100 Count",Pharmaceuticals,Antimicrobial Agents,1.03,bottle,04/06/2026 20:23:25,7.70,7.93
"Clindamycin Hydrochloride Capsules, USP, 150 mg 100 Count Each",Pharmaceuticals,Antimicrobial Agents,1.23,bottle,03/30/2026 15:10:40,6.28,7.72
"Clindoral Kit 2% Gel: 0.5ml Syringe, 4 Count",Pharmaceuticals,Dental Care Preparations,0.25,box,04/06/2026 19:47:54,153.80,38.45
"Clopidogrel Tablets 75mg, 90 Count",,,0.19,bottle,03/23/2026 19:01:59,7.64,1.45
"ComforTrate (Maropitant Citrate) Antiemetic Tablets for Dogs 16mg, 60 Count",Pharmaceuticals,Antiemetics,0.18,bottle,04/21/2026 20:37:21,0.00,0.00
ComforTrate Tablet 24mg:B60,,,0,bottle,04/21/2026 20:37:24,157.93,0.00
ComforTrate Tablet 60mg:B60,,,0.45,bottle,03/23/2026 16:32:04,287.58,129.41
Conforming Stretch Bandage 2in x 75in:P12,,,0.33,order unit,03/30/2026 15:00:34,3.22,1.06
"Convenia (Cefovecin Sodium) Antimicrobial Injection 80mg/mL, 10mL",Pharmaceuticals,Antimicrobial Agents,0.3,vial,04/21/2026 20:32:07,423.50,127.05
"Cosyntropin for Injection 0.25mg, 1mL:",,,1,vial,03/30/2026 15:01:43,85.60,85.60
"Cotton Tip Applicators 6"" Sterile, 100 Packs of 2",Wound Care and White Goods,Cotton Rolls Balls Applicators,1,order unit,04/06/2026 19:47:58,6.01,6.01
"Cotton Tipped Applicator: 6"", 1000 Count",Wound Care and White Goods,Cotton Rolls Balls Applicators,0.3,box,12/04/2025 16:07:57,5.64,1.69
Cough Tablets: 250 Count,Pharmaceuticals,Antitussives,0.15,bottle,01/05/2026 20:31:46,65.98,9.90
"Credelio Chewable Tablets for Cats and Kittens: 2-4 lbs. (Purple), 12 mg, 1 Dose x 16 Count",Parasiticides,Ext Parasiticides Insecticides,1.19,carton,04/21/2026 20:22:44,190.40,226.58
"Credelio Chewable Tablets for Cats: 4.1-17 lbs. (Teal), 48 mg, 3 Doses x 16 Count",Parasiticides,Ext Parasiticides Insecticides,0.46,carton,03/23/2026 18:12:02,599.84,275.93
Cryogen-X Blades: Size 10,Grooming,Clippers and Blades,0.8,each,02/26/2026 20:53:14,28.27,22.62
"Cytopoint: 10mg (Up to 10lb), 1 Vial (Ordered in Multiples of 10)",Pharmaceuticals,Dermatologic Preparations,3,vial,04/21/2026 20:05:29,28.55,85.65
"Cytopoint: 20mg (10.1-20lb), 1 Vial (Ordered in Multiples of 10)",Pharmaceuticals,Dermatologic Preparations,0,vial,04/21/2026 20:05:38,37.90,0.00
"Cytopoint: 30mg (20.1-30lb), 1 Vial (Ordered in Multiples of 10)",Pharmaceuticals,Dermatologic Preparations,0,vial,03/30/2026 15:39:56,42.10,0.00
"Cytopoint: 40mg (30.1-40lb), 1 Vial (Ordered in Multiples of 10)",Pharmaceuticals,Dermatologic Preparations,9,vial,04/21/2026 20:05:44,46.50,418.50
Dasuquin Advanced Joint Health Capsules Cat:B60,,,0,bottle,04/06/2026 20:10:58,13.85,0.00
"Dasuquin Advanced Joint Health Supplement for Large Dogs, Six 64 Count Bags (384 Soft Chews Total) ",Nutraceuticals,Joint Support,0.17,case,04/21/2026 20:30:38,199.50,33.92
"Dasuquin Advanced Joint Health Supplement for Small / Medium Dogs, Six 64 Count Bags (384 Soft Chews Total) ",Nutraceuticals,Joint Support,0.33,case,04/21/2026 20:09:58,175.20,57.82
"Datamars Microfindr Slim: Vet Pack (Pre-Loaded Implanters & Client Materials), 25 Count",Identification,Recovery Services and Microchips,0.36,box,04/06/2026 19:48:08,387.50,139.50
"Denamarin Advanced for Large Dogs, Four 30 Count Bottles (120 Chewable Tablets Total)",Nutraceuticals,S-Adenosyl,1.25,box,04/21/2026 20:08:41,212.60,265.75
"Denamarin Advanced for Small to Medium Dogs, Four 30 Count Bottles (120 Chewable Tablets Total)",Nutraceuticals,S-Adenosyl,1.75,box,04/21/2026 20:08:44,151.80,265.65
Dentahex Oral Rinse: 8oz,Pharmaceuticals,Dental Care Preparations,2,bottle,03/23/2026 18:13:19,12.18,24.36
Dental Bur Carbide Round #6:P10,,,1.9,package,04/06/2026 19:43:17,26.59,50.52
"Dental Prophy Angle, Disposable",Dentistry,Oral Exam and Cleaning,0.3,box,01/29/2026 21:01:32,49.80,14.94
Depo Medrol: 20ml (20mg/ml),Pharmaceuticals,Antiinflammatories,0.8,vial,11/21/2025 19:32:48,74.55,59.64
"Deracoxib Chewable Tablets For Dogs: 100Mg, 90 Count",Pharmaceuticals,Antiinflammatories,0.68,bottle,04/21/2026 19:59:20,159.04,108.15
"Deracoxib Chewable Tablets for Dogs: 75mg, 90 Count",Pharmaceuticals,Antiinflammatories,1.06,bottle,04/21/2026 19:56:24,131.17,139.04
DermaBenSs® Shampoo: 12oz,Pharmaceuticals,Dermatologic Preparations,2,bottle,03/10/2026 16:45:03,14.03,28.06
DermAllay Oatmeal Shampoo: 12oz,Grooming,Shampoos and Conditioners,0,bottle,03/10/2026 16:52:15,9.99,0.00
Dermatonin Melatonin Implant for Dogs: 12mg,Pharmaceuticals,Hormones and Analogs,1,order unit,03/23/2026 18:14:42,,
"Dermatonin Melatonine Implanter, 18mg",Pharmaceuticals,Hormones and Analogs,1,order unit,04/21/2026 20:11:43,39.02,39.02
"Dermatonin Melatonine Implanter, 8mg",Pharmaceuticals,Hormones and Analogs,2,order unit,04/06/2026 19:44:13,39.02,78.04
Dexamethasone Injection: 100ml (2mg/ml),Pharmaceuticals,Antiinflammatories,0.85,vial,11/08/2025 15:21:06,10.02,8.52
Dexium-SP (dexamethasone sodium phosphate) Injection: 100ml (4mg/ml),Pharmaceuticals,Antiinflammatories,0.85,bottle,10/31/2025 15:47:37,33.53,28.50
"Dextrose 50% Sterile Preservative Free Solution Injection, 500mL",Pharmaceuticals,Fluid Therapy/Electrolytes,0.8,bottle,11/14/2025 19:38:44,3.69,2.95
"Diazepam Tablets 5mg, 100 Count",,,0,bottle,04/21/2026 20:43:23,3.36,0.00
Digital Thermometer Probe Covers Pre-Lubricated,Diagnostics Exam,Thermometers Jars Probe Covers,0,box,01/29/2026 21:23:05,5.88,0.00
"Diphenhydramine Injection: 1ml (50mg/ml), 25 Count",Pharmaceuticals,Antihistamine,0.2,box,11/21/2025 19:32:56,31.12,6.22
"Diroban Injection: 2ml (25mg/ml), 5 Count",Parasiticides,Heartworm Parasiticides,0.6,package,11/21/2025 19:33:01,275.00,165.00
"Disposable Needles: 22g x 3/4"", 100 Count",Administration and Transfusion,Syringes and Needles,1,box,03/30/2026 15:32:08,3.85,3.85
"Disposable Surgical Drape Roll: Non-Sterile, 38"" x100 yds, 1 Each",Apparel and Drapes,Drapes,1.25,box,12/15/2025 19:15:54,98.57,123.21
Dolorex (butorphanol tartrate) : 50mL Vial  (10mg/ml),Pharmaceuticals,Analgesics,0.2,bottle,12/04/2025 17:13:01,171.81,34.36
DOUXO S3 PYO Wipes:B30,,,0,package,04/21/2026 20:33:45,13.50,0.00
"Doxycycline Hyclate Tablets: 100mg, 50 Count",Human Generics,HUM-Not Applicable,0.38,bottle,04/06/2026 20:52:35,4.15,1.58
Dri-I Schirmer Ophthalmic Test Strips:B100,,,1.7,box,03/10/2026 16:38:30,14.47,24.60
"EasOtic Otic Suspension for Dogs, 10mL",Pharmaceuticals,Otic Preparations,0,bottle,04/21/2026 19:56:26,20.17,0.00
Eaze-Off Aerosol Spray: 200ml,Facility Supplies,GEN-Not Applicable,1,bottle,01/05/2026 20:40:48,50.03,50.03
"Elastic Adhesive Bandage: Beige, 2"" x 5 yds, 6 Count",Wound Care and White Goods,Tape and Adhesive Bandage,0.5,box,03/23/2026 18:46:15,15.01,7.51
Elura Oral Solution: 15 mL Bottle x 1 Count,Pharmaceuticals,Behavior Modification Drugs,1,bottle,03/30/2026 15:10:43,31.24,31.24
"Enalapril Tablets: 5mg, 100 Count",Pharmaceuticals,Cardiovascular Drugs,0.7,bottle,04/06/2026 20:23:29,4.73,3.31
"Endosorb Tablets, Absorbent Anti-Diarrheal Demulcent, 500 Count",,,0.5,bottle,03/30/2026 15:32:36,72.93,36.47
Endotracheal Tube Aircare 4mm Clear Cuffed:EACH,,,3,tube,04/06/2026 19:48:28,1.97,5.91
"Enrofloxacin Flavor Tablets: 68mg, 50 Count",Pharmaceuticals,Antimicrobial Agents,0.96,bottle,04/21/2026 20:02:46,63.37,60.84
"Enrofloxacin Flavored Tablets: 136mg, 50 Count",Pharmaceuticals,Antimicrobial Agents,0.44,bottle,03/30/2026 15:28:25,114.53,50.39
"Entyce (Capromorelin Oral Solution) Appetite Stimulant for Dogs 30mg/mL, 10mL",Pharmaceuticals,Behavior Modification Drugs,1,bottle,04/21/2026 19:59:32,30.61,30.61
"Enulose (Lactulose Solution, USP), 10 g/15 mL 473 mL Each",,,0.2,bottle,04/21/2026 20:37:39,8.97,1.79
Epakitin: 60g,Nutraceuticals,Renal,3,bottle,03/30/2026 15:08:06,24.38,73.14
Epakitin:300GM,,,1,order unit,03/23/2026 18:13:29,84.01,84.01
Epinephrine Injection: 50Ml (1Mg/Ml),Pharmaceuticals,Hormones and Analogs,1,vial,11/08/2025 15:15:36,32.09,32.09
"Epi-Otic Advanced Ear Cleanser, 8oz",Pharmaceuticals,Otic Cleansers/Drying Agent,3,bottle,04/06/2026 20:20:55,13.79,41.37
Erythromycin 0.5% Ophthalmic Ointment: 3.5G,Pharmaceuticals,Ophth Preps and Treatments,3,tube,03/30/2026 15:28:32,14.83,44.49
"Ethicon Pds Sutures: Pds II, 2-0, Cp-2, 27"", 36 Count",Wound Closure,Synthetic Absorbable Suture,0.03,box,04/30/2026 16:51:26,410.58,12.32
"Ethicon Sutures: PDS II, 3-0, FS-2, 27"", 36 Count",Wound Closure,Synthetic Absorbable Suture,0.03,box,04/30/2026 16:50:55,422.62,12.68
Euthaphen Injection Solution: 100Ml,Pharmaceuticals,Euthanasia Agents,0.5,vial,03/10/2026 18:53:09,62.86,31.43
"Exam Gloves, Latex, Powder-Free, Advanced Aloe, Medium 100 Count Box",Supplies,Hospital Supplies,1,Pack,03/30/2026 14:59:35,8.48,8.48
E-Z SCRUB ULTRADEX SCRUB BRUSH 30 CT #371163,Facility Supplies,Antiseptics Scrubs Soap,0.5,each,04/21/2026 20:16:05,29.85,14.93
"Face Mask with Earloops, Light Blue",Apparel and Drapes,Masks,0.35,box,02/26/2026 20:50:07,8.99,3.15
Famotidine Injection: 20ml (10mg/ml),Pharmaceuticals,Gastric Ulcer Drugs,3.25,vial,01/15/2026 20:50:12,11.61,37.73
"Famotidine Tablets, USP, 10mg 60 Count Bottle",Pharmaceuticals,Gastric Ulcer Drugs,0.5,bottle,04/21/2026 19:56:35,4.76,2.38
"Famotidine Tablets: 20Mg, 100 Count",Pharmaceuticals,Gastric Ulcer Drugs,0.47,bottle,04/21/2026 20:48:15,5.99,2.82
"Feeding Tube Sovereign Sterile: 14fr x 16""",Administration and Transfusion,Oral Esophageal Gastric Enterc,5,each,01/15/2026 20:57:38,1.38,6.90
"Felanorm (Methimazole) Oral Suspension for Cats 5mg/mL, 30mL",Pharmaceuticals,Hormones and Analogs,8,bottle,04/21/2026 19:56:39,16.00,128.00
"Felimazole Coated Tablets (Methimazole) for Cats 2.5mg, 100 Count ",Pharmaceuticals,Hormones and Analogs,0.09,bottle,04/06/2026 20:20:58,11.29,1.02
"Felimazole Coated Tablets (Methimazole) for Cats 5mg, 100 Count ",Pharmaceuticals,Hormones and Analogs,0.57,bottle,04/21/2026 19:59:37,17.52,9.99
"FELINE ESOPHAGOSTOMY TUBE 14FR UP TO 13 IN, FELINE ESOPHAGOSTOMY TUBE 14FR UP TO 13 IN",,,2,each,04/21/2026 20:15:59,23.37,46.74
"Feliway Multicat Diffuser: 30-Day Refill, 48ml",Pharmaceuticals,Antimicrobial Agents,1,box,03/23/2026 18:13:32,15.73,15.73
Feliway Multicat Diffuser: Starter Kit with 30-Day Refill,Pharmaceuticals,Behavior Modification Drugs,1,box,03/10/2026 16:45:07,19.67,19.67
Fentanyl C2 Injection: 50ml (50mcg/ml),Pharmaceuticals,Anesthetics,2.95,order unit,02/26/2026 20:47:42,36.03,106.29
FiveTen-K Endotracheal Tube PVC Clear Cuff: 7mm,Anesthesia,Endo tubes Laryngoscopes,0.66,order unit,12/15/2025 19:14:38,5.51,3.64
FiveTen-K Endotracheal Tube PVC Clear Cuff: 8mm,Anesthesia,Endo tubes Laryngoscopes,2,order unit,04/06/2026 19:41:59,5.51,11.02
FiveTen-K Endotracheal Tube PVC Clear Cuff: 9mm,Anesthesia,Endo tubes Laryngoscopes,3,order unit,02/26/2026 20:50:11,5.51,16.53
"Flexadin Advanced Chews for Dogs and Cats, 60 Count",Nutraceuticals,Joint Support,0,bag,04/21/2026 20:10:02,39.17,0.00
Flex-Coil (SAIV) System Core Swivel IV Set With 3' Coil - 1/Pkg,Administration and Transfusion,IV Sets and Connectors,0,order unit,03/10/2026 18:48:14,22.95,0.00
"Fluoride Preventive Treatment Gel, Mint, 4.3oz",Dentistry,Home Care,0.2,order unit,01/29/2026 21:26:41,18.05,3.61
FluoroFlox Chewable Tablet 100mg 50s:B50,,,1.14,bottle,04/21/2026 19:59:43,222.14,253.24
"Fluoxetine Capsules: 20mg, 100 Count",Pharmaceuticals,Behavior Modification Drugs,0.11,bottle,04/21/2026 20:38:32,4.84,0.53
"Fluriso (Isoflurane) Liquid for Inhalation, 250mL ",Surgery,Anesthesia & Anesthesia Accessories,2,bottle,04/21/2026 20:14:40,29.71,59.42
Fruity Tearless Shampoo: 16oz,Grooming,Shampoos and Conditioners,0.25,order unit,03/23/2026 18:43:52,7.09,1.77
Furosemide Tablet 20mg,,,1.32,order unit,05/04/2026 16:11:57,3.20,4.22
"Furosemide Tablets 12.5mg, 500 Count",Pharmaceuticals,Miscellaneous Pharmaceuticals,0.13,bottle,03/23/2026 19:03:39,63.22,8.22
"Furosemide Tablets 50mg, 500 Count",,,1,bottle,04/21/2026 19:56:46,102.62,102.62
"Gabapentin Capsules 300mg, 500 Count",Pharmaceuticals,Anticonvulsants,1.29,bottle,04/21/2026 19:56:56,22.18,28.61
"Gabapentin Capsules: 100Mg, 500 Count",Pharmaceuticals,Anticonvulsants,0.4,bottle,04/21/2026 20:47:26,9.50,3.80
"Gabapentin Catnip Scented Tiny Tabs: 25 mg/tab, 100 Tablet",Pharmaceuticals,Compounded Medication,1.34,bottle,04/21/2026 19:59:56,44.55,59.70
"Gabapentin Oral Solution, 250mg/5mL, Banana Flavored 470mL Bottle",Pharmaceuticals,Anticonvulsants,0,bottle,04/21/2026 20:30:50,65.23,0.00
"Gabapentin Quad tab: 100 mg/tab, 120 Tablet, Chicken",Pharmaceuticals,Compounded Medication,0.92,order unit,04/06/2026 20:27:27,0.00,0.00
"Galliprant Tablets: Gray, 100 mg, 30 Doses x 1 Count",Pharmaceuticals,Antiinflammatories,1.77,bottle,10/31/2025 15:43:48,81.34,143.97
"Galliprant Tablets: Maroon, 60 mg, 90 Doses x 1 Count",Pharmaceuticals,Antiinflammatories,0.63,bottle,03/30/2026 15:11:40,166.31,104.78
"Galliprant Tablets: Yellow, 20 mg, 90 Doses x 1 Count",Pharmaceuticals,Antiinflammatories,0.64,bottle,04/21/2026 20:00:03,88.42,56.59
"Gauze Sponge 4-Ply Premium, Non-Woven, Non-Sterile, 2"" x 2""",,,1,package,04/21/2026 20:16:08,1.66,1.66
"Gauze Sponge 4-Ply, Non-Sterile, 3"" x 3""",Wound Care and White Goods,Gauze Sponges and Lap Sponges,6,Pack,04/21/2026 20:16:13,1.82,10.92
Genia Velfast Self-Grip K9 E-Collars 30 cm,Wound Care and White Goods,Elizabethan and Recovery Collars,3,each,04/06/2026 19:41:48,14.11,42.33
"Genia Velfast Self-Grip K9 E-Collars: 10cm, Each",Wound Care and White Goods,Elizabethan and Recovery Collars,2,each,03/30/2026 15:03:41,5.90,11.80
"Genia Velfast Self-Grip K9 E-Collars: 12.5cm, Each",Wound Care and White Goods,Elizabethan and Recovery Collars,2,each,04/21/2026 20:16:17,6.64,13.28
"Genia Velfast Self-Grip K9 E-Collars: 15cm, Each",Wound Care and White Goods,Elizabethan and Recovery Collars,2,each,04/21/2026 20:16:19,7.70,15.40
"Genia Velfast Self-Grip K9 E-Collars: 20cm, Each",Wound Care and White Goods,Elizabethan and Recovery Collars,2,each,04/21/2026 20:16:22,8.78,17.56
"Genia Velfast Self-Grip K9 E-Collars: 25cm, Each",Wound Care and White Goods,Elizabethan and Recovery Collars,0,each,04/21/2026 20:16:28,12.39,0.00
"GenOne Topical Spray for Dogs, 240mL",,,1,order unit,03/30/2026 15:28:39,15.74,15.74
"GenOne Topical Spray for Dogs, 60mL",Pharmaceuticals,Antimicrobial Agents,0,bottle,04/21/2026 20:34:02,5.09,0.00
"Gentamicin Sulfate with Betamethasone Valerate: USP, 120ml",Pharmaceuticals,Antimicrobial Agents,1,bottle,04/21/2026 20:34:13,8.00,8.00
"Gentamicin Sulfate with Betamethasone Valerate: USP, 240ml",Pharmaceuticals,Dermatologic Preparations,1,order unit,04/21/2026 19:57:13,11.87,11.87
Gluture Topical Tissue Adhesive with 10 Applicators: 1.5mL,Surgery,Wound Closure,0,each,04/21/2026 20:40:52,26.65,0.00
Groom Aid Spray: 7.3oz,Grooming,Shampoos and Conditioners,1.5,can,04/06/2026 19:42:54,17.18,25.77
"Heartgard® Plus Chewables: Blue (0-25lb), 10 x 6 Doses",Parasiticides,Heartworm Parasiticides,1.2,sleeve,04/21/2026 20:12:57,308.52,370.22
"Heartgard® Plus Chewables: Brown (51-100lb), 10 x 6 Doses",Parasiticides,Heartworm Parasiticides,0.3,sleeve,04/21/2026 20:13:01,458.15,137.45
"Heartgard® Plus Chewables: Green (26-50 lb), 10 x 6 Doses",Parasiticides,Heartworm Parasiticides,0.17,sleeve,03/30/2026 15:38:21,396.87,67.47
"Heavy Duty Dog Nail Trimmer: Orange, Large",Grooming,Nail Trimming and Nail Caps,2,each,03/30/2026 15:01:47,15.55,31.10
Hemo-Nate 18 Micron Blood Filter: Each,Administration and Transfusion,Blood Collection and Admin,3,each,02/26/2026 21:51:57,7.79,23.37
Heparin Sodium Injectable: 10ml (1000 units/ml),Wound Closure,Suture Cassette Racks,0.95,vial,04/06/2026 19:48:33,3.14,2.98
HepatiClear Pro Chews for Dogs: 60 Count,Nutraceuticals,Liver Support,1,bag,04/21/2026 20:08:48,31.22,31.22
Hose Suction Handle: Each,Surgical Equipment,Aspiration Handles,1,each,11/14/2025 19:33:52,3.68,3.68
Hydrocodone Chloride ER Suspension: 115ml,Pharmaceuticals,Antihistamine,0.8,order unit,03/30/2026 15:02:45,60.14,48.11
Hydrogen Peroxide 3% Solution Gallon,Pharmaceuticals,Antiseptics,0.33,bottle,04/21/2026 20:14:45,4.91,1.62
Hydromorphone HCL Injection 2mg/ml C2:P25,,,1.8,box,03/30/2026 15:02:50,29.87,53.77
"Hydroxyzine Hcl Tablets: 10Mg, 100 Count",Pharmaceuticals,Behavior Modification Drugs,0.7,bottle,03/30/2026 15:30:05,2.46,1.72
"Hydroxyzine Hcl Tablets: 25Mg, 500 Count",Pharmaceuticals,Behavior Modification Drugs,0.9,order unit,03/23/2026 16:32:20,16.43,14.79
"Hydroxyzine Hcl Tablets: 50Mg, 100 Count",Pharmaceuticals,Behavior Modification Drugs,1,bottle,01/15/2026 20:47:48,3.74,3.74
"Hypodermic Needle with Plastic Hub: Soft, 22g x 3/4"", 100 Count",Administration and Transfusion,Syringes and Needles,0.5,box,04/21/2026 20:41:50,7.88,3.94
"Hypodermic Needle, Translucent Hub, Thin Wall, Pink, 18g x 1.0""",Administration and Transfusion,Syringes and Needles,0,box,01/29/2026 21:22:48,8.96,0.00
"I-Drop Vet Plus Ophthalmic Solution, 10mL",Pharmaceuticals,Ophth Preps and Treatments,1,bottle,03/30/2026 15:40:35,15.57,15.57
"I-Lid 'N Lash Vet Hygiene / Tear Stain Wipes, 60 Count",,,1,order unit,01/29/2026 21:09:15,16.11,16.11
Imagyst Dig Cytolgy Coverslip: (1 Thick)X550,Diagnostics Laboratory,Microscopes Slides Lens Paper,0.5,box,03/23/2026 18:14:47,0.00,0.00
Immersion Oil: 120ml,Diagnostics Laboratory,Microscopes Slides Lens Paper,0.5,bottle,01/15/2026 20:55:38,22.00,11.00
Imrab® 1: (Thimerosal-Free) 50 x 1 Dose,Vaccines,Vaccines and Other Biologicals,0.28,tray,03/30/2026 15:44:31,172.65,48.34
Imrab® 3: (Thimerosal-Free) 50 x 1 Dose,Vaccines,Vaccines and Other Biologicals,1.7,tray,01/29/2026 20:48:47,194.37,330.43
InCoag aPTT/PT CWB Test kit (10 tests),,,0.9,box,12/04/2025 16:10:10,308.69,277.82
"Incurin Tablets (Estriol) for Dogs, 360 Count",Pharmaceuticals,Urinary,0.7,Pack,04/06/2026 20:11:10,177.12,123.98
"Instrument Sterilization Pouch: 5.25"" x 10"", Self Seal, 200 Count",Autoclaves and Inst Cleaners,Sterilization Pouches and Tubes,0.8,Pack,01/15/2026 20:54:52,13.72,10.98
"Insulin Syringe with Needle: 0.3ml, U-100, 29g x 1/2"", (10pks) 100 Count",Administration and Transfusion,Syringes and Needles,0.25,box,01/15/2026 20:57:55,14.72,3.68
Isopropyl Alcohol 70%: 32oz,Pharmaceuticals,Antiseptics,4.5,bottle,03/30/2026 15:33:26,3.61,16.25
IV BAG ACCESS W/ MICROCLAVE #PIN3,Administration and Transfusion,IV Sets and Connectors,5,order unit,04/21/2026 20:15:30,2.30,11.50
IV Catheter 14g x 2in Surflo ETFE Orange:EACH,,,50,order unit,04/21/2026 20:14:07,1.74,87.00
"IV Extension Set, Macrobore, 30""",Administration and Transfusion,IV Sets and Connectors,4,each,04/21/2026 20:16:32,1.76,7.04
"IV Infusion Set, Core Flex Coil, 5'",Administration and Transfusion,IV Sets and Connectors,0,each,03/10/2026 18:48:19,20.74,0.00
K BroVet CA1 Chewable Tablets 250mg:B60,,,0,bottle,04/21/2026 20:10:54,22.21,0.00
Kenalog Injection: 5ml (10mg/ml),Pharmaceuticals,Immunosuppressants,0.95,vial,01/15/2026 20:58:00,29.29,27.83
Kennel Kare SC (Super Concentrate): 5 Gallon,Facility Supplies,Premise Disinfectants,0.05,order unit,02/26/2026 20:50:37,325.00,16.25
Kennel Pads with Blue Polypropylene Fluid Repellent: 50 Count,Facility Supplies,Kennel Pads,1.33,box,04/21/2026 20:12:45,29.25,38.90
"Ketoconazole Tablets: 200Mg, 100 Count",Pharmaceuticals,Antifungals,0.88,bottle,12/04/2025 16:04:55,45.08,39.67
Ketorolac Tromethamine Ophthalmic Solution .5%:5ML,,,2,bottle,03/23/2026 16:32:29,5.88,11.76
"Kimwipes Delicate Task Wipes, 280 Count",,,0.2,box,03/23/2026 18:14:51,3.92,0.78
"Kit4Cat Hydrophobic Sand Kit: 10.5oz Sand, Collection Pipette, & Sample Vial: 3 Count",Diagnostics Laboratory,Urine Collection,1.67,bag,03/30/2026 15:01:51,11.52,19.24
KMR Kitten Milk Replacer: 12oz,Foods,Milk Replacers,0,can,12/04/2025 16:08:12,14.71,0.00
"KOE Fresh Scent Concentrate, 1 Gallon",,,0.25,gallon,03/23/2026 18:43:57,67.85,16.96
Kwik Stop Styptic Powder: 42g,Wound Care and White Goods,Hemostatics,1,bottle,04/21/2026 20:15:33,,
"Lactated Ringers Injection Bag: 1 Liter, 12 Count",Administration and Transfusion,Fluid Therapy Solutions,0.33,case,04/21/2026 20:16:41,63.60,20.99
"Laparotomy Sponge, X-Ray Detectable, Pre-Washed, Sterile, 18"" x 18""",X-Ray and Imaging,Radiopaque Media,1,box,04/21/2026 20:39:15,3.46,3.46
"Latex Exam Glove: Powder Free, Large, 100 Count",Apparel and Drapes,Exam Gloves,1,box,04/21/2026 20:14:53,14.80,14.80
"Latex Exam Glove: Powder Free, Small, 100 Count",Apparel and Drapes,Exam Gloves,0,box,04/21/2026 20:14:55,14.80,0.00
"Latex Exam Gloves: Powder Free, Medium, 100 Count",Apparel and Drapes,Exam Gloves,0,box,04/21/2026 20:14:57,14.80,0.00
"Latex Surgical Gloves: Sterile, Powder Free, Coated, Size 7.5, 50 Pairs",Apparel and Drapes,Surgeon's Gloves,0.24,each,03/30/2026 15:04:07,52.89,12.69
"Librela Solution 1mL vial: 10mg/mL (22.2-44.1 lb), 6 count",Pharmaceuticals,Antiinflammatories,0.33,box,04/21/2026 20:31:08,216.00,71.28
"Librela Solution 1mL vial: 15mg/mL (44.2-66.1 lb), 6 count",Pharmaceuticals,Antiinflammatories,0,box,04/21/2026 20:07:18,252.00,0.00
"Librela Solution 1mL vial: 20mg/mL (66.2-88.2 lb), 6 count",Pharmaceuticals,Antiinflammatories,0.17,box,03/10/2026 16:30:26,294.00,49.98
"Librela Solution 1mL vial: 30mg/mL (88.3-132.3 lb), 6 count",Pharmaceuticals,Antiinflammatories,0.83,box,04/21/2026 20:07:22,330.00,273.90
"Librela Solution 1mL vial: 5mg/mL (11.0-22.1 lb), 6 count",Pharmaceuticals,Antiinflammatories,1.17,box,04/21/2026 20:05:48,174.00,203.58
Lidocaine HCl Injection 2%: 100ml,Pharmaceuticals,Anesthetics,0.75,vial,12/15/2025 17:25:10,3.31,2.48
"Low Dead Space Syringe with Needle(Soft Pack): Sterile, 3ml, Luer Lock, 22g x 3/4"", 100 Count",Administration and Transfusion,Syringes and Needles,5,box,04/21/2026 20:14:10,14.75,73.75
Mannitol 20% Injection: 100ml,Pharmaceuticals,Miscellaneous Pharmaceuticals,0.99,vial,12/04/2025 16:08:17,26.94,26.67
Marboquin Chewable Tablet Antibacterial 25mg:B100,,,1.17,bottle,03/30/2026 15:28:51,130.67,152.88
Marcaine (Bupivacaine) 0.5% Injection: 50ml (5mg/ml),Pharmaceuticals,Anesthetics,24,bottle,01/15/2026 20:58:10,7.11,170.64
"Maropitant Citrate Tablets for Dogs, 60 mg 60 Count Bottle",Pharmaceuticals,Antiemetics,1.45,bottle,03/30/2026 15:33:56,282.26,409.28
"Maropitant Citrate Tablets: 160mg, 4 Count",Pharmaceuticals,Antiemetics,2,box,03/30/2026 15:34:20,23.67,47.34
Mask Level 3 Surgical Tie Anti Fog Foam Blue:B50,,,0.9,order unit,04/06/2026 19:41:11,14.11,12.70
Meloxicam Injection: 20ml (5mg/ml),Pharmaceuticals,Antiinflammatories,0.5,vial,04/06/2026 19:48:40,111.16,55.58
"Meloxicam Tablets: 7.5Mg, 100 Count",Pharmaceuticals,Analgesics,1.01,bottle,03/23/2026 16:32:37,1.59,1.61
"Meloxidyl (Meloxicam) 1.5mg/mL Oral Suspension for Dogs, 200mL",,,0.1,bottle,04/21/2026 20:41:32,95.71,9.57
"Methadone HCL (C-2) 10mg/mL, 20mL",,,0.5,vial,03/10/2026 16:45:24,560.26,280.13
Methimazole Tablet 5mg:B100,,,1.32,bottle,03/30/2026 15:29:02,6.17,8.14
"Methocarbamol Tablets: 500Mg, 500 Count",Pharmaceuticals,Autonomic Drugs,0,bottle,03/23/2026 16:32:45,13.46,0.00
METOCLOPRAMIDE 5MG-5ML ORAL SOL 473ML,,,0.15,bottle,04/21/2026 20:37:53,21.81,3.27
Metoclopramide Injection: 2ml (5mg/ml),Human Generics,HUM-Not Applicable,3,bottle,04/06/2026 19:48:48,33.83,101.49
"Metoclopramide Tablets 10mg, 100 Count",,,1.36,bottle,04/21/2026 20:00:59,5.22,7.10
"Metoclopramide Tablets 5mg, 100 Count",,,1.27,bottle,04/21/2026 19:57:27,3.88,4.93
"Metronidazole Injection: 100Ml (5Mg/Ml), 24 Bags",Pharmaceuticals,Antimicrobial Agents,0.42,case,04/06/2026 19:42:19,51.32,21.55
"Metronidazole Tablets: 250mg, 250 Count",Pharmaceuticals,Antimicrobial Agents,0.1,bottle,04/06/2026 20:51:33,8.68,0.87
"Metronidazole Tablets: 500mg, 500 Count",Pharmaceuticals,Antimicrobial Agents,1.07,bottle,01/29/2026 20:44:26,27.16,29.06
MiconaHex+Triz® Shampoo: 16oz,Pharmaceuticals,Dermatologic Preparations,1,bottle,04/06/2026 20:53:26,24.92,24.92
"Micro Bore Extension Set: T Connector, Luer Lock, 5""",Administration and Transfusion,IV Sets and Connectors,16,set,04/06/2026 19:46:26,3.60,57.60
"Micro Volume Tubes Lithium Heparin with Prepared Screw Green Cap: 1.3ml, 100 Count",Diagnostics Laboratory,"Blood Tubes, Needles and Racks",0.6,box,04/06/2026 19:44:19,28.12,16.87
"MicroClave Vial Adapter, MultiDose",Administration and Transfusion,IV Sets and Connectors,5,each,02/26/2026 21:51:53,3.23,16.15
"Microscope Cover Slip, Super White Glass, 22mm x 22mm",Diagnostics Laboratory,Microscopes Slides Lens Paper,1,box,04/06/2026 19:44:36,,
Midazolam Injection 5mg/mL 5mL C4:B10,,,0.6,box,03/30/2026 15:02:29,3.27,1.96
"Miltex Biopsy Skin Punch: Disposable, 6mm, 1 Each",Diagnostics Exam,Biopsy,3,each,03/30/2026 14:59:06,2.74,8.22
"Miltex Surgical Instrument Cleaner and Lubricant: 1 Gallon, 1 Each",Autoclaves and Inst Cleaners,Inst Clean Disinfect Lube,0.95,bottle,03/30/2026 15:04:11,36.60,34.77
"Mirataz (Mirtazapine Transdermal Ointment), 5gm",Pharmaceuticals,Weight Management,2,tube,04/21/2026 20:01:03,25.77,51.54
"Mirtazapine Tablets: 15Mg, 30 Count",Pharmaceuticals,Behavior Modification Drugs,1.03,bottle,03/30/2026 15:30:14,2.48,2.55
Mitoxantrone Inj 2mg/mL MDV:10CC,,,0.25,order unit,03/30/2026 15:08:55,205.11,51.28
"Monoject Oral Syringe with Cap, Clear, 10cc",Administration and Transfusion,Syringes and Needles,0,box,03/23/2026 19:16:09,35.65,0.00
"Monoject Syringe, Curved Tip, 12cc",Administration and Transfusion,Syringes and Needles,0.2,box,01/29/2026 21:03:39,23.76,4.75
Muricin® (mupirocin ointment) 2%: 15g,Pharmaceuticals,Dermatologic Preparations,0,each,11/21/2025 19:30:38,11.69,0.00
"Neomycin & Polymyxin B Sulfate & Bacitracin Zinc & Hydrocortisone Ophthalmic Ointment 3.5 g, 1/Pkg",Pharmaceuticals,Ophth Preps and Treatments,1,tube,04/21/2026 19:57:31,7.35,7.35
"Neomycin and Polymyxin B Sulfates and Dexamethasone Ophthalmic Ointment, 3.5gm",Pharmaceuticals,Ophth Preps and Treatments,4,each,03/30/2026 15:12:14,4.17,16.68
Neopolybac (W/ Zinc) Ophthalmic Ointment: 3.5G,Pharmaceuticals,Ophth Preps and Treatments,1,tube,04/21/2026 20:32:35,5.83,5.83
Neopolydex Ophthalmic Ointment: 3.5g,Pharmaceuticals,Ophth Preps and Treatments,2,tube,03/23/2026 16:32:55,4.86,9.72
Neopolydex Ophthalmic Suspension: 5ml,Pharmaceuticals,Ophth Preps and Treatments,3,bottle,01/15/2026 20:48:17,6.04,18.12
"Neo-Predef with Tetracaine Powder: 15g, 12 Count",Pharmaceuticals,Antimicrobial Agents,0.17,box,03/30/2026 15:40:18,254.25,43.22
"NexGard® Chewables for Extra Large Dogs: Red (60.1-121lbs), 10 x 6 Doses",Parasiticides,Ext Parasiticides Insecticides,0.13,sleeve,03/30/2026 15:37:38,987.74,128.41
"NexGard® Chewables for Large Dogs: Purple (24.1-60lb), 10 x 6 Doses",Parasiticides,Ext Parasiticides Insecticides,0,sleeve,04/21/2026 20:29:08,977.50,0.00
"NexGard® Chewables for Medium Dogs: Blue (10.1-24lb), 10 x 6 Doses",Parasiticides,Ext Parasiticides Insecticides,0.4,sleeve,04/06/2026 19:51:33,957.16,382.86
"NexGard® Chewables for Small Dogs: Orange (4-10lb), 10 x 6 Doses",Parasiticides,Ext Parasiticides Insecticides,0.58,sleeve,03/30/2026 15:04:36,936.82,543.36
"NexGard® COMBO (esafoxolaner, eprinomectin, and praziquantel topical solution): 1.8-5.5lbs, 10 x 6 doses",Parasiticides,Ext Parasiticides Insecticides,0.98,sleeve,04/06/2026 19:52:06,915.84,897.52
"NexGard® COMBO (esafoxolaner, eprinomectin, and praziquantel topical solution): 5.6-16.5lbs, 10 x 6 doses",Parasiticides,Ext Parasiticides Insecticides,0.52,sleeve,04/06/2026 19:51:43,1036.68,539.07
"NexGard® PLUS Chewables: Gold (17.1-33lbs), 6 Doses, 10 Count",Parasiticides,Ext Parasiticides Insecticides,0.1,sleeve,04/21/2026 20:29:33,1363.95,136.40
"NexGard® PLUS Chewables: Green (8.1-17lbs), 6 Doses, 10 Count",Parasiticides,Ext Parasiticides Insecticides,0.73,sleeve,04/21/2026 20:13:23,1265.67,923.94
"NexGard® PLUS Chewables: Orange (4-8lbs), 6 Doses, 10 Count",Pharmaceuticals,Parasiticides,0.88,sleeve,04/21/2026 20:13:36,1245.51,1096.05
"NexGard® PLUS Chewables: Purple (33.1-66lbs), 6 Doses, 10 Count",Parasiticides,Ext Parasiticides Insecticides,0.65,sleeve,04/21/2026 20:13:06,1404.90,913.19
"NexGard® PLUS Chewables: Red (66.1-132lbs), 6 Doses, 10 Count",Parasiticides,Ext Parasiticides Insecticides,0.22,sleeve,03/30/2026 15:04:46,1445.85,318.09
"No Scoot, Fiber Supplement for Dogs, 65 Soft Chews",Nutraceuticals,GI Support,4,bottle,04/21/2026 20:11:51,9.02,36.08
"Normsol R Injection 7.4pH: 1 Liter, 12 Count",Pharmaceuticals,Fluid Therapy/Electrolytes,0.58,case,11/14/2025 19:33:59,63.53,36.85
NoSorb Litter: 5lbs,Diagnostics Laboratory,Urine Collection,0.5,bottle,01/29/2026 21:02:33,59.76,29.88
"Nutramax Cobalequin for Cats & Small Dogs, 45ct Chewable Tablets",Nutraceuticals,Miscellaneous Nutraceuticals,1,bottle,01/29/2026 20:52:48,12.49,12.49
"Nutramax Cobalequin for Medium & Large Dogs, 45ct Chewable Tablets",Nutraceuticals,Miscellaneous Nutraceuticals,2,bottle,03/30/2026 15:08:10,15.49,30.98
"Nutramax Consil Bone Graft Putty, 10ml",Orthopedics,Orthopedic Surgical Supplies,N/A,order unit,,204.99,
"Nutramax Cosequin for Cats, 60ct Soft Chews",Nutraceuticals,Joint Support,0,box,03/10/2026 18:54:45,7.52,0.00
"Nutramax Naraquin for Cats & Dogs, 60ct Sprinkle Capsules",Nutraceuticals,Renal,2,bottle,01/15/2026 20:52:19,15.99,31.98
Nutri-Cal Supplement Gel: 4.25oz,Pharmaceuticals,"Vitamins, Minerals, and Supplements",0,tube,03/10/2026 16:52:38,9.50,0.00
OB Lube Original NonSpermicidal Concentrate: 1 Gallon,Pharmaceuticals,Lubricants,0.6,order unit,12/04/2025 16:08:23,,
"OK Sterilization Indicator Strips: 4"", 250 Count",Autoclaves and Inst Cleaners,Sterilization Indicators,0.4,box,04/21/2026 20:16:52,19.50,7.80
Ondansetron Injection: 20ml (2mg/ml),Pharmaceuticals,Antiemetics,2.8,vial,01/15/2026 20:58:16,5.80,16.24
"Ondansetron Tablets 4mg, 30 Count",Pharmaceuticals,Antiemetics,0.07,bottle,04/21/2026 20:38:09,1.53,0.11
"Ondansetron Tablets 8mg, 30 Count",Pharmaceuticals,Antiemetics,0.97,bottle,04/21/2026 20:38:14,3.99,3.87
"Onsior (Robenacoxib) for Cats, 6mg, 30 Tablets  ",Pharmaceuticals,Antiinflammatories,0.2,box,03/30/2026 15:12:45,86.97,17.39
"Onsior (Robenacoxib) Solution for Injection, 20mL ",Pharmaceuticals,Antiinflammatories,0.15,vial,04/06/2026 20:14:48,164.21,24.63
Optixcare Eye Lubricant: 20g,Pharmaceuticals,Ophth Preps and Treatments,1,tube,03/10/2026 18:25:22,9.07,9.07
Oral-Pro Pyrantel Pamoate Suspension:32OZ,,,0.8,order unit,03/23/2026 16:33:01,29.06,23.25
Orapac Kit: 4oz,Administration and Transfusion,Medication Administration,9,unit,03/23/2026 16:33:05,1.85,16.65
Orapac Kit: 8oz,Administration and Transfusion,Medication Administration,14,unit,03/23/2026 18:06:39,2.08,29.12
"Orapac Oral Dispensing Kit, 0.5oz Bottle with Open Adapter and 1mL Syringe, Amber",,,11,Pack,04/21/2026 19:57:39,0.00,0.00
"Orapac Oral Dispensing Kit, 1oz Bottle with Open Adapter and 1mL Syringe, Green",,,3,each,03/30/2026 15:44:15,0.92,2.76
"Orapac Oral Dispensing Kit, 2oz Bottle with Open Adapter and 3mL Syringe, Green",,,0,each,04/06/2026 20:16:09,1.02,0.00
"Orapac Oral Dispensing Kit, 4oz Bottle with Open Adapter and 10mL Syringe, Green",,,7,each,04/21/2026 20:02:50,1.73,12.11
"OraVet Dental Hygiene Chews: Extra Small Dogs (Under 10lbs), 6 x 30 Count",Pharmaceuticals,Dental Care Preparations,0.5,case,03/10/2026 16:39:40,109.80,54.90
"OraVet Dental Hygiene Chews: Large Dogs (50lbs+), 6 x 30 Count",Pharmaceuticals,Dental Care Preparations,0.67,case,04/06/2026 20:25:22,224.80,150.62
"OraVet Dental Hygiene Chews: Medium Dogs (25-50lbs), 6 x 30 Count",Pharmaceuticals,Dental Care Preparations,0,case,04/21/2026 20:11:53,171.00,0.00
"OraVet Dental Hygiene Chews: Small Dogs (10-24lbs), 6 x 30 Count",Pharmaceuticals,Dental Care Preparations,0.83,box,04/06/2026 20:25:13,136.80,113.54
OstiLox meloxicam Injection 5mg/mL 20mL:20ML,,,0.4,order unit,03/30/2026 14:59:40,98.91,39.56
Ostimax Chewables 100 mg 90 Count:B90,,,0.84,bottle,04/06/2026 20:24:01,166.97,140.25
Ostimax Chewables 25 mg 90 Count:B90,,,1.17,bottle,04/21/2026 20:01:23,59.77,69.93
Oxytocin (purified oxytocic principle) Injection: 100ml,Pharmaceuticals,Hormones and Analogs,0.9,bottle,03/23/2026 18:46:21,8.87,7.98
Panacur Suspension 10%: 1 Liter,Parasiticides,Anthelmintics,0.33,bottle,11/08/2025 15:15:05,150.15,49.55
"PancrePlus Pancreatic Enzyme Concentrate, 500 Tablets",Pharmaceuticals,Pancreatic Enzymes,0,order unit,03/30/2026 15:30:25,140.58,0.00
Pet Burial Box Medium [Dogs Up to 30#]:P10,,,0.5,order unit,12/15/2025 19:15:01,86.71,43.36
"Pet Burial Box: Small, 12 Count",Facility Supplies,Boxes and Urns,0.5,package,03/23/2026 18:16:28,63.21,31.61
"Pet Enema: 12ml, Each",Pharmaceuticals,Enemas,2,syringe,01/29/2026 20:54:32,3.96,7.92
Pet Pill Dispenser: 12 Count,Administration and Transfusion,Dosing Guns/Applicators,0.5,order unit,12/15/2025 17:31:44,14.40,7.20
"Pet-Ema Disposable Single Use Enema for Cats, Dioctyl Sodium Sulfosuccinate, 6mL",Pharmaceuticals,Enemas,1,syringe,03/23/2026 19:17:50,3.74,3.74
Pet-Tinic: 4oz,Pharmaceuticals,"Vitamins, Minerals, and Supplements",0,bottle,01/29/2026 21:15:43,13.10,0.00
"PGCL Monofil Absorbable Suture: 4-0, FS-2 (19mm), 3/8 Reverse Cut, 36"", Violet, 12 Count",Wound Closure,Synthetic Absorbable Suture,1,box,12/04/2025 16:09:46,79.50,79.50
"PGCL Monofil Absorbable Suture: 4-0, FS-2 (19mm), 3/8 Reverse Cut, 36"", Violet, 12 Count",Wound Closure,Synthetic Absorbable Suture,0.5,box,03/30/2026 14:58:49,74.74,37.37
Phovia Gel Kit for Fluorescent Light Therapy,Pharmaceuticals,Dermatologic Preparations,0,box,04/21/2026 20:31:32,161.09,0.00
"Pimobendan Quad tab: 5 mg/tab, 100 Tablet",Pharmaceuticals,Compounded Medication,1.85,bottle,04/21/2026 20:01:45,71.78,132.79
"Pivetal Cobalt Blue Plastic Prescription Vials 16 Dram, 240/Pkg",Facility Supplies,"Bags, Bottles and Jars",0.4,package,03/30/2026 15:03:49,49.36,19.74
Pivetal Cotton Roll 1 lb,Wound Care and White Goods,Wound Protection,0,roll,04/21/2026 20:42:35,3.86,0.00
Pivetal Meloxidyl (Meloxicam) Oral Suspension 32 ml,Pharmaceuticals,Antiinflammatories,1,bottle,04/21/2026 19:57:42,22.43,22.43
Pivetal Meloxidyl (Meloxicam) Oral Suspension: 10ml (1.5mg/ml),Pharmaceuticals,Antiinflammatories,3,bottle,04/21/2026 19:57:58,11.99,35.97
"Pivetal Oral Syringe with Cap: 3 mL, 100 Count",Administration and Transfusion,Syringes and Needles,0.12,Pack,03/30/2026 15:47:20,19.23,2.31
"Pivetal Plastic Prescription Vials: Cobalt Blue, 40 Dram, 130 Count",Facility Supplies,"Bags, Bottles and Jars",0.6,package,03/23/2026 18:16:35,49.20,29.52
"Pivetal Plastic Prescription Vials: Cobalt Blue, 8 Dram, 410 Count",Facility Supplies,"Bags, Bottles and Jars",0.15,box,04/21/2026 20:16:49,57.41,8.61
"Pivetal Porous Tape: 1"" x 10 yd, 12 Count",Wound Care and White Goods,Tape and Adhesive Bandage,0,box,02/26/2026 21:48:46,14.47,0.00
"Pivetal Rechargeable Battery 3.5V, Compatible with W/A 72300",Diagnostics,Miscellaneous Diagnostic Supplies,1,order unit,04/21/2026 20:15:40,40.38,40.38
Pivetal Revertased (atipamezole hydrochloride) Injection: 10ml (5mg/ml),Pharmaceuticals,Anesthetics,0.18,vial,03/30/2026 15:02:02,106.87,19.24
"Plastic Dropper Plastic Pipette: 1oz, Plastic Pipette, 12 Count",Facility Supplies,"Bags, Bottles and Jars",N/A,Pack,,8.75,
"Plastic Dropper: 1/2oz, 12 Count",Facility Supplies,"Bags, Bottles and Jars",0.92,package,11/08/2025 15:15:23,7.94,7.30
Polyflex Injection: 25g,Pharmaceuticals,Antibiotics,0.5,bottle,04/21/2026 20:15:46,45.24,22.62
"Potassium Chloride Injection Flip-Top Vial: 20ml (40Meq), 25 Count",Pharmaceuticals,"Vitamins, Minerals, and Supplements",0.8,box,01/29/2026 21:04:15,154.04,123.23
"PPVD Canine EN Gastroenteric: 13.4oz Can, 12 Count",Foods,"Diets, Therapeutic",0.75,case,04/21/2026 20:12:14,37.45,28.09
PPVD Canine EN Gastroenteric: 6lb,Foods,"Diets, Therapeutic",1,bag,03/30/2026 15:08:36,30.64,30.64
PPVD Canine NF Kidney Function: 6lbs,Foods,"Diets, Therapeutic",1,bag,01/29/2026 20:47:28,-26.74,-26.74
"PPVD Canine/Feline CN Critical Nutrition: 5.5oz, 24 Count",Foods,"Diets, Therapeutic",1.5,case,03/23/2026 18:14:01,55.79,83.69
"PPVD Feline Advanced Care NF Kidney Function: 5.5oz, 24 Count",Foods,"Diets, Therapeutic",0,case,02/26/2026 21:24:11,48.83,0.00
PPVD Feline DM Dietetic Management: 10lbs,Foods,"Diets, Therapeutic",2,bag,04/21/2026 20:12:09,56.47,112.94
"PPVD Feline EN Gastroenteric: 5.5oz Can, 24 Count",Foods,"Diets, Therapeutic",2,case,04/21/2026 20:12:23,50.86,101.72
PPVD NC NeuroCare: 25lbs,Foods,"Diets, Therapeutic",0,order unit,04/21/2026 20:34:44,98.58,0.00
PPVD NF Kidney Function Advanced Care Feline Formula: 8lbs,Foods,"Diets, Therapeutic",1,bag,04/21/2026 20:11:02,42.68,42.68
PPVD Veterinary Supplements Canine FortiFlora Pro: 6 x 30 Sachets,Foods,"Diets, Therapeutic",0.83,case,04/21/2026 20:10:08,125.94,104.53
PPVD Veterinary Supplements Feline FortiFlora Pro: 6 x 30 Sachets,Nutraceuticals,Probiotics,0.67,case,04/21/2026 20:10:10,125.94,84.38
Praziquantel Injectable: 10ml,Parasiticides,Anthelmintics,0.2,bottle,02/26/2026 21:54:17,113.15,22.63
"Prednis Prednisolone Tablets: 5mg, 1000 Count",Pharmaceuticals,Antiinflammatories,0.1,bottle,03/23/2026 19:02:29,48.68,4.87
Prednisolone Syrup: 237Ml (15Mg/5Ml),Pharmaceuticals,Antiinflammatories,0,bottle,04/21/2026 20:01:39,46.04,0.00
"Prednisone Tablets: 10Mg, 100 Count",Pharmaceuticals,Immunosuppressants,2.57,bottle,04/21/2026 19:58:03,14.98,38.50
"Prednisone Tablets: 1mg, 100 Count",Pharmaceuticals,Immunosuppressants,0.44,bottle,03/23/2026 19:02:39,3.92,1.72
"Prednisone Tablets: 20Mg, 100 Count",Pharmaceuticals,Immunosuppressants,0.96,bottle,04/21/2026 20:01:51,10.00,9.60
"Prednisone Tablets: 5Mg, 100 Count",Pharmaceuticals,Immunosuppressants,0.04,bottle,03/23/2026 16:33:21,2.71,0.11
"Primary IV Set, Macrobore Prepierced Y-Site, 80""",Administration and Transfusion,IV Sets and Connectors,8,each,03/30/2026 15:44:56,2.00,16.00
"ProbioWrap Pill Wrap Paste with Probiotics, 4.2oz",Administration and Transfusion,Medication Administration,4,each,04/21/2026 20:08:52,8.39,33.56
ProHeart 12: 10ml,Parasiticides,Heartworm Parasiticides,0.75,vial,04/21/2026 20:07:59,520.38,390.29
"Proin Chewable Tablets: 75mg, 60 Count",,,2,bottle,03/30/2026 15:07:29,37.13,74.26
"Proin Extended-Release Tablets: 145mg, 30 Count",Pharmaceuticals,"Vitamins, Minerals, and Supplements",0,bottle,04/21/2026 20:10:13,31.77,0.00
"Proin Extended-Release Tablets: 18mg, 30 Count",Pharmaceuticals,"Vitamins, Minerals, and Supplements",2,bottle,01/15/2026 20:52:24,15.21,30.42
"Proin Extended-Release Tablets: 38mg, 30 Count",Pharmaceuticals,"Vitamins, Minerals, and Supplements",1,bottle,04/21/2026 20:28:35,19.79,19.79
"Proin Extended-Release Tablets: 74mg, 30 Count",Pharmaceuticals,"Vitamins, Minerals, and Supplements",1,bottle,04/21/2026 20:10:16,26.32,26.32
Proparacaine 0.5% Ophthalmic Solution: 15ml,Pharmaceuticals,Ophth Preps and Treatments,0.75,bottle,04/21/2026 20:08:13,28.84,21.63
"Pro-Pectalin Oral Gel for Dogs and Cats, 15gm",Pharmaceuticals,Antacid and Absorbent Preps,2,syringe,04/21/2026 20:10:22,13.52,27.04
"Pro-Pectalin Oral Gel for Dogs and Cats, 30gm",Pharmaceuticals,Antacid and Absorbent Preps,0,tube,04/21/2026 20:10:24,17.30,0.00
"Pro-Pectalin Tablets for Dogs and Cats, 250 Count",Pharmaceuticals,Antacid and Absorbent Preps,0.98,bottle,04/06/2026 20:11:23,56.33,55.20
"Prophy Paste Cups Multi Flavor: Fluoride-Free, Medium Grit, 200 Count",Dentistry,Oral Exam and Cleaning,0.75,box,01/29/2026 21:02:16,37.06,27.80
"PropoFlo 28 (Propofol) Anesthetic Injection for Dogs, 50mL",Anesthesia,Anesthesia Systems,0.6,box,02/26/2026 21:27:20,72.37,43.42
"Proviable-DC Digestive Health Probiotics and Prebiotics for Dogs and Cats, 80 Sprinkle Capsules",Nutraceuticals,Probiotics,4.43,box,04/21/2026 20:06:40,30.74,136.18
"ProZinc Insulin: 10ml, U-40",Pharmaceuticals,Hormones and Analogs,1,vial,04/21/2026 20:07:32,99.46,99.46
"PureVax® Feline 3 (RCP): 0.5ml, 25 Doses",Vaccines,Vaccines and Other Biologicals,1.52,tray,04/21/2026 20:06:44,185.38,281.78
"PureVax® Feline Rabies: 0.5ml, 25 Count",Vaccines,Vaccines and Other Biologicals,1.92,tray,03/30/2026 15:09:27,403.14,774.03
"PureVax® Recombinant Leukemia: 0.5ml, 25 Count",Vaccines,Vaccines and Other Biologicals,1.32,tray,04/21/2026 20:08:16,501.56,662.06
Purina Pro Plan Veterinary Diets UR Urinary Ox/St Canine Formula 6lb 1 bag,Foods,"Diets, Therapeutic",1,bag,04/21/2026 20:11:25,-26.18,-26.18
Purina Pro Plan Veterinary Supplements Hydra Care: 2 x 12 Count Case,Pharmaceuticals,"Vitamins, Minerals, and Supplements",1.75,case,04/21/2026 20:09:04,19.98,34.97
PVC Cuffed Endotracheal Tube: 11mm,Anesthesia,Endo tubes Laryngoscopes,1,each,03/23/2026 18:15:06,9.80,9.80
Rabies Tag Alum 1100:EACH,,,1,order unit,11/14/2025 19:40:17,189.15,189.15
"Rapid Differential Stain Refill Kit, #1 Fixative/ #2 Red/ #3 Blue, 470mL Each",Diagnostics,Diagnostic Equipment,0.15,box,03/23/2026 18:50:21,48.06,7.21
Rapz Eazy Tear Cohesive Bandage Chewy NoNo 2in:PK12,,,0,package,03/23/2026 18:46:25,18.98,0.00
Rapz Eazy Tear Cohesive Bandage Natural World 2in,,,0.08,box,04/06/2026 20:58:11,17.78,1.42
"Rapz Eazy Tear Natural World Cohesive Bandage Variety Packs 4"" x 5-1/2 yd Includes Multiple Items",Wound Care and White Goods,Cohesive Bandage,0.5,box,03/10/2026 16:38:36,24.96,12.48
Recombitek® Oral Bordetella: 25 x 1 Dose,Vaccines,Vaccines and Other Biologicals,0.2,tray,04/21/2026 20:06:49,238.35,47.67
"Recombitek®: C4 DA2PPv, 25 Dose",Vaccines,Vaccines and Other Biologicals,0.64,tray,04/21/2026 20:07:36,192.86,123.43
"Recombitek®: C8 Lepto 4 + DAPPv, 25 Dose",Vaccines,Vaccines and Other Biologicals,0.12,tray,04/21/2026 20:07:02,303.07,36.37
"Recombitek®: Canine Lyme, 20 Doses",Vaccines,Vaccines and Other Biologicals,0.2,tray,04/06/2026 20:14:53,538.21,107.64
"Recombitek®: Lepto 4, 50 Dose",Vaccines,Vaccines and Other Biologicals,0.6,tray,04/21/2026 20:07:40,0.00,0.00
"Reflex One Skin Stapler, 35 Wide",Wound Closure,Staples and Ligation Clips,2,order unit,04/06/2026 19:43:36,15.20,30.40
Rejensa Supplemental Joint Care Chew for Dogs: 60 Count,Nutraceuticals,Joint Support,3,package,04/06/2026 20:11:51,64.69,194.07
Renal Essentials Pro Bite-Sized Chews: Canine/Feline 60 Count,Nutraceuticals,Renal,0,order unit,01/15/2026 20:51:53,26.17,0.00
"Renal K+ Potassium Supplement Powder, 100gm",Nutraceuticals,Renal,1,each,04/06/2026 20:11:34,20.35,20.35
"Reusable Anesthesia Breathing Bag: 0.5 Liter, 1 Each",Anesthesia,Breathing Circuit Bg Mask Hose,2,order unit,12/04/2025 16:09:49,25.92,51.84
"Revolution Plus for Cats 11.1 to 22 Pounds, Green Label (6 Dose)",Parasiticides,External/Heartworm,1.03,sleeve,04/21/2026 20:13:11,450.95,464.48
"Revolution Plus for Cats 5.6 to 11 Pounds, Orange Label (6 Dose)",Parasiticides,External/Heartworm,0.57,sleeve,04/06/2026 19:51:53,439.90,250.74
"RILEXINE® (cephalexin tablets) Chewable Tablets: 300mg, 100 Count",Pharmaceuticals,Antimicrobial Agents,0.82,bottle,04/06/2026 20:24:09,47.85,39.24
"RILEXINE® (cephalexin tablets) Chewable Tablets: 600mg, 100 Count",Pharmaceuticals,Antimicrobial Agents,1,bottle,04/06/2026 20:22:44,85.51,85.51
Salix 5% Injection: 50ml (50mg/mL),Pharmaceuticals,Diuretics,0.85,vial,03/23/2026 18:46:33,17.24,14.65
Scotch-Brite Pet Hair Pickup Lint Roller Refill,,,N/A,each,,4.02,
"Securolon: 2-0, FS, 26mm Reverse Cutting Needle, 30"", 12 Count",Wound Closure,Synthetic Non-Absorb Suture,0.16,package,03/10/2026 18:50:48,50.62,8.10
"Sedexodine (Dexmedetomidine Hydrochloride) Injectable Solution 0.5mg/mL, 10mL",Pharmaceuticals,Sedatives and Tranquilizers,1,vial,04/06/2026 19:43:13,133.20,133.20
Senvelgo (Velagliflozin) Oral Solution: 30ml,Pharmaceuticals,Endocrine Diseases,1,bottle,04/21/2026 20:01:53,175.00,175.00
Sheridan Endotracheal Tube: 7mm,Anesthesia,Endo tubes Laryngoscopes,2,order unit,04/06/2026 19:42:22,6.44,12.88
"Sildenafil Tablets: 20Mg, 90 Count",Human Generics,HUM-Not Applicable,0.67,bottle,04/21/2026 20:01:57,10.76,7.21
Silver Nitrate Applicators 6IN:P100,,,0.97,tube,03/10/2026 16:38:42,21.15,20.52
Silver Sulfadiazine Cream 1% Tube: 50g,Pharmaceuticals,Antimicrobial Agents,1,tube,01/29/2026 21:14:22,17.63,17.63
"Silver Sulfadiazine Cream 1%, 50gm Tube",Pharmaceuticals,Antimicrobial Agents,2,unit,04/21/2026 20:02:57,3.87,7.74
"Simparica Trio Chewable Tablets for Dogs 44.1 to 88 Pounds, Green Label (6 Dose x 5)",Parasiticides,Heartworm Parasiticides,0.18,sleeve,04/21/2026 20:09:20,1288.20,231.88
"Simparica TRIO Chewable Tablets: Brown, 88.1-132.0lb, 10 x 6 Dose",Parasiticides,Heartworm Parasiticides,0.82,sleeve,01/29/2026 20:53:00,1306.30,1071.17
"Simparica TRIO Chewable Tablets: Caramel, 11.1-22.0lb, 10 x 6 Dose",Parasiticides,Heartworm Parasiticides,0.08,carton,03/30/2026 15:39:13,1156.60,92.53
"Simparica TRIO Chewable Tablets: Purple, 5.6-11.0lb, 10 x 6 Dose",Parasiticides,Heartworm Parasiticides,0.17,sleeve,04/21/2026 20:10:32,1137.60,193.39
"Simparica TRIO Chewable Tablets: Teal/Blue, 22.1-44.0lb, 10 x 6 Dose",Parasiticides,Heartworm Parasiticides,0.23,carton,04/21/2026 20:09:34,1252.10,287.98
"Simplera (Florfenicol, Terbinafine, Mometasone Furoate) Otic Solution for Dogs, 1mL",Pharmaceuticals,Otic Preparations,0.5,sleeve,04/21/2026 20:31:58,125.66,62.83
Single Collection Blood Bag Prefilled CPDA-1: 250ml,Administration and Transfusion,Blood Collection and Admin,3,bag,04/06/2026 19:49:07,6.18,18.54
Single Collection Blood Bag Prefilled CPDA-1: 450ml,Administration and Transfusion,Blood Collection and Admin,2,bag,01/29/2026 20:59:28,7.37,14.74
"Skin Biopsy Punch, Disposable, 4mm ",Diagnostics Exam,Biopsy,0,each,04/21/2026 20:40:31,2.72,0.00
"Slippery Sam Tomcat Catheter: Closed End, 3.5fr x 6""",Administration and Transfusion,IV Catheters and Plugs,3,order unit,03/30/2026 15:00:55,25.46,76.38
"SodaLime Pail: 5 Gallons, 1 Each",Anesthesia,CO2 Adsorbent,0.15,bucket,04/06/2026 19:42:36,77.12,11.57
"SoftPack Monoject Syringe: 20ml, Luer Lock, 40 Count",Administration and Transfusion,Syringes and Needles,1.5,box,02/26/2026 21:54:23,24.39,36.59
"Solensia: 1ml vial, 6 Count",Pharmaceuticals,Antiinflammatories,0.33,box,04/21/2026 20:07:05,252.00,83.16
"Sovereign Sterile Feeding Tube: 12fr x 16""",Administration and Transfusion,Oral Esophageal Gastric Enterc,6,tube,01/15/2026 20:58:29,1.38,8.28
"Sovereign Sterile Feeding Tube: 5fr x 16""",Administration and Transfusion,Oral Esophageal Gastric Enterc,4,tube,02/26/2026 21:53:54,1.48,5.92
"Sovereign Sterile Feeding: 8fr x 16""",Administration and Transfusion,Oral Esophageal Gastric Enterc,5,each,02/26/2026 21:54:29,1.48,7.40
"Specialist Cast Padding: 2"" x 4yds, 24 Count",Orthopedics,Casting and Splinting,0.5,bag,03/10/2026 16:38:47,14.51,7.26
"Specialist Cast Padding: 4"" x 4yd, 12 Count",Orthopedics,Casting and Splinting,1,bag,11/08/2025 15:21:42,16.81,16.81
Spring Syringe Pump Flow Control Tubing: 10ml/4hr (2.5ml/hr),Administration and Transfusion,IV Pumps and Warmers,3,order unit,11/14/2025 19:35:10,10.25,30.75
"Stainless Steel Surgical Blade: #10, 100 Count",Surgical Instruments,Scalpels Blades Handles Knives,0.05,box,01/15/2026 21:14:14,43.65,2.18
Sterile Non-Spermicidal Lubricating Jelly: 5oz,Pharmaceuticals,Lubricants,0,tube,11/21/2025 19:33:07,2.74,0.00
"Sterile Surgical Blade, Stainless Steel, #15",,,1,box,03/30/2026 14:58:52,45.39,45.39
"Sterile Water for Injection, Diluent, 500mL",Pharmaceuticals,Sterile Water Diluent Stblzers,0.1,bottle,04/21/2026 20:41:05,3.99,0.40
Sterilization Indicator Tape 1inx50m Steam Autocla,,,0.05,order unit,01/29/2026 20:47:19,5.30,0.27
Stop Stool Eating Soft Chews for Dogs: 90 Count,Pharmaceuticals,Antimicrobial Agents,0,each,03/10/2026 16:51:11,14.43,0.00
"Stopcock 3-Way with Swivel, Male Luer Lock",Administration and Transfusion,IV Sets and Connectors,3,order unit,04/06/2026 19:49:10,0.92,2.76
"Stress Away Calming Aid for Dogs and Cats, 65 Soft Chews",Nutraceuticals,Behavior,0,order unit,04/21/2026 20:11:54,7.41,0.00
"Stretch Gauze Bandage Roll: Non-Sterile, 4""x 75"", 12 Count",Wound Care and White Goods,Gauze Bandage,0.5,Pack,11/21/2025 19:33:12,5.83,2.92
"Sucralfate Tablets: 1G, 100 Count",Pharmaceuticals,Gastric Ulcer Drugs,1.06,bottle,10/31/2025 15:45:28,20.19,21.40
Suffusion K Mousse: 6.8oz,Pharmaceuticals,Dermatologic Preparations,0,order unit,04/21/2026 20:33:25,15.14,0.00
"SurFlash IV Catheter: Blue, 22g x 1"", Each",Administration and Transfusion,IV Catheters and Plugs,0,each,04/06/2026 20:57:38,1.67,0.00
Surflo Injection Plug: Luer Lock,Administration and Transfusion,IV Catheters and Plugs,50,each,04/21/2026 20:15:05,0.63,31.50
"SurFlo Winged IV Infusion Set, Thin Wall, Blue, 23g x 0.75"" with 12"" Tubing",Administration and Transfusion,IV Sets and Connectors,12,each,04/06/2026 20:56:13,0.68,8.16
"SurFlo Winged IV Infusion Set, Thin Wall, Orange, 25g x 0.75"" with 12"" Tubing",Administration and Transfusion,IV Sets and Connectors,50,needle,04/21/2026 20:15:10,0.68,34.00
"Surgical Suction Tubing, Sterile, 0.25"" x 6'",Surgical Equipment,Suction Hoses,2,each,04/21/2026 20:39:27,1.17,2.34
"Surgical Tunnel-Belt Gown (1-Ply Reusable, Non Sterile, Green): Medium",,,N/A,order unit,,34.50,
"Sur-Vet Hypodermic Needle, Translucent Hub, Regular Wall, Yellow, 20g x 1.0""",Administration and Transfusion,Syringes and Needles,0.6,box,03/23/2026 18:46:37,7.88,4.73
"Sur-Vet Hypodermic Needle, Translucent Hub, Thin Wall, Orange, 25g x 5/8""",Administration and Transfusion,Syringes and Needles,2,box,04/21/2026 20:14:14,7.88,15.76
"Sur-Vet Surflo ETFE IV Catheter, Blue, 22g x 1.0""",Administration and Transfusion,IV Catheters and Plugs,26,each,04/06/2026 19:47:13,1.27,33.02
"Sur-Vet Surflo ETFE IV Catheter, Pink, 20g x 1.0""",Administration and Transfusion,IV Catheters and Plugs,30,each,04/21/2026 20:15:14,1.37,41.10
Suture OneGut Chromic Gut #0 Catgut 50m Cassette:CASS,,,0.95,order unit,04/21/2026 20:17:40,67.27,63.91
"Synotic Otic Solution for Dogs, 60mL",Pharmaceuticals,Otic Preparations,0.75,bottle,04/06/2026 20:24:19,86.40,64.80
"Synthetic Absorbable Suture: SutureVet Monosorb, 4-0, FS-2, 30"", 12 Count",Wound Closure,Synthetic Absorbable Suture,0.92,box,03/30/2026 14:59:03,84.09,77.36
Syr Ter 60cc Cath Tip:B25,,,0.9,order unit,04/06/2026 19:45:22,27.05,24.35
"Syringe (Soft Pack): Sterile, 10ml, Luer Lock, 100 Count",Administration and Transfusion,Syringes and Needles,0.2,box,04/21/2026 20:42:21,25.84,5.17
"Syringe (Soft Pack): Sterile, 5ml, Luer Lock, 100 Count",Administration and Transfusion,Syringes and Needles,0.9,box,04/06/2026 19:45:30,23.11,20.80
"Syringe(Soft Pack): Sterile, 20ml, Luer Lock, 50 Count",Administration and Transfusion,Syringes and Needles,0.2,box,11/14/2025 19:51:00,35.59,7.12
"TB Syringe with Needle(Soft Pack): Sterile, 1ml, Luer Slip, 25g x 5/8"", 100 Count",Administration and Transfusion,Syringes and Needles,2.25,Pack,04/21/2026 20:14:27,20.40,45.90
"Temaril-P (Trimeprazine with Prednisolone) Tablets for Dogs, 100 Count",Pharmaceuticals,Antitussives,0.17,bottle,04/21/2026 20:36:29,94.20,16.01
"Terramycin Ophthalmic Ointment: 3.5g, 1 Count",Pharmaceuticals,Ophth Preps and Treatments,0,tube,04/06/2026 20:22:58,18.40,0.00
"ThunderEase Diffuser Kit: 30 day Refill, Each",Animal Handling and Restraints,Behavior Modification,0,each,11/14/2025 19:26:35,19.19,0.00
Thyro Tabs Canine 0.8mg:B1000,,,0.9,bottle,04/06/2026 20:24:35,112.21,100.99
"Thyro-Tabs Canine (Levothyroxine Sodium Tablets) 0.3mg, 1000 Count",Pharmaceuticals,Hormones and Analogs,0.03,bottle,04/21/2026 20:03:05,54.41,1.63
"Thyro-Tabs Canine (Levothyroxine Sodium Tablets) 0.5mg, 1000 Count",,,0.72,bottle,04/21/2026 19:58:08,84.83,61.08
"Thyro-Tabs Canine: 0.1mg, 1000 Count",Pharmaceuticals,Hormones and Analogs,0.4,bottle,11/21/2025 19:30:43,27.94,11.18
"Thyro-Tabs Canine: 0.2mg, 1000 Count",Pharmaceuticals,Hormones and Analogs,0.49,bottle,03/30/2026 15:30:51,40.99,20.09
"Thyro-Tabs Canine: 0.4mg, 1000 Count",Pharmaceuticals,Hormones and Analogs,0.55,bottle,04/06/2026 20:24:44,69.61,38.29
"Thyro-Tabs Canine: 0.6mg, 1000 Count",Pharmaceuticals,Hormones and Analogs,0.62,bottle,04/21/2026 20:03:47,93.56,58.01
"Thyro-Tabs Canine: 0.7mg, 1000 Count",Pharmaceuticals,Hormones and Analogs,0.84,bottle,12/15/2025 17:21:50,102.80,86.35
Tobramycin Ophthalmic Solution: 5Ml (0.3%),Pharmaceuticals,Antimicrobial Agents,2,bottle,04/21/2026 20:02:02,7.10,14.20
"Tongue Depressor: 6"", 500 Count",Dentistry,Oral Specula,0.8,box,12/04/2025 16:09:20,6.20,4.96
"Trazodone Tablets: 100Mg, 100 Count",Pharmaceuticals,Behavior Modification Drugs,3.81,bottle,04/21/2026 20:02:17,5.76,21.95
"Trazodone Tablets: 50Mg, 100 Count",Pharmaceuticals,Behavior Modification Drugs,0.87,bottle,03/30/2026 15:13:24,3.32,2.89
"Tresaderm® Solution: 7.5ml, 12 Count",Pharmaceuticals,Dermatologic Preparations,0.42,box,04/21/2026 20:07:43,155.56,65.34
"TrizChlor 4 Shampoo, 16 oz",Pharmaceuticals,Dermatologic Preparations,3,bottle,04/21/2026 20:09:50,20.73,62.19
TrizEDTA Aqueous Flush:16oz,Pharmaceuticals,Otic Cleansers/Drying Agent,1,bottle,03/10/2026 16:28:38,24.17,24.17
"TrizUltra + Keto Flush, 12oz",Pharmaceuticals,Otic Cleansers/Drying Agent,3,bottle,04/21/2026 19:58:14,20.28,60.84
Tylosin Soluble Powder Jar: 100g,Pharmaceuticals,Antidiarrheals,1.25,jar,12/04/2025 16:14:19,40.34,50.43
"Ultra Thin Wall Needle: 22g x 1.5"", 100 Count",,,N/A,box,,9.87,
Ultrasound Transmission Gel: 5 Liters,,,1,each,04/06/2026 19:45:48,22.18,22.18
"Unilimb Breathing Circuit: 40"", F Style, 1 Each",Anesthesia,Breathing Circuit Bg Mask Hose,1,each,03/10/2026 16:45:38,23.54,23.54
"UpCard-CA1 (Torsemide) Oral Solution for Dogs: 2mg/mL, 32mL",Pharmaceuticals,Cardiovascular Drugs,0,order unit,03/23/2026 16:33:24,18.89,0.00
Varenzin-CA1 Oral Suspension: 27 mL Bottle x 1 Count,Pharmaceuticals,PHA - Not Applicable,1,bottle,01/05/2026 20:36:20,35.00,35.00
Veraflox Oral Suspension 2.5% 15ml:P6,,,0.5,case,04/21/2026 20:04:08,173.70,86.85
"Vet-Kem Yard Spray, 32oz",Parasiticides,Premise,0.25,bottle,03/30/2026 15:46:51,17.46,4.37
"Vetmedin Solution (pimobendan oral solution), 50 mL",Pharmaceuticals,Cardiovascular Drugs,0,bottle,03/30/2026 15:27:34,46.00,0.00
"Vetmedin® Chewable Tablets: 1.25mg, 50 Count",Pharmaceuticals,Cardiovascular Drugs,2,bottle,04/21/2026 19:58:19,33.53,67.06
"Vetmedin® Chewable Tablets: 10mg, 50 Count",Pharmaceuticals,Cardiovascular Drugs,1,bottle,03/30/2026 15:29:13,92.82,92.82
"Vetmedin® Chewable Tablets: 2.5mg, 50 Count",Pharmaceuticals,Cardiovascular Drugs,0,bottle,04/21/2026 19:58:22,53.51,0.00
"VetPack Monoject Syringe with Needle (Rigid): 3ml, Luer Lock, 22g x 3/4"", 100 Count",Administration and Transfusion,Syringes and Needles,6,box,03/30/2026 15:00:12,18.94,113.64
"VetriJec Insulin Syringe U-40, 0.3cc Low Dose, 29g x 0.5""",Administration and Transfusion,Syringes and Needles,0,box,03/23/2026 19:18:10,15.56,0.00
Vetri-Lysine Plus Soft Chew: 120 Count,Nutraceuticals,Immune Support,1,bag,04/06/2026 20:11:38,13.15,13.15
Vetscan CPL Rapid Test Kit: 10 Count,Diagnostics,Laboratory Analysis,0.3,box,04/21/2026 20:44:05,350.00,105.00
VetScan FeLV/FIV Rapid Test: 10 Count,Diagnostics,Diagnostic Aids - Clinical,0.9,box,04/06/2026 19:44:29,208.95,188.06
Vetscan Imagyst Ova Oocysts: 40 Tests,Diagnostics Laboratory,Fecal Tests,0.2,box,01/29/2026 21:27:03,560.00,112.00
Vetscan UA10 Test Strips: 50 Count,Diagnostics Laboratory,"Test Strips, Readers, pH Paper",0.5,bottle,11/14/2025 19:31:56,85.95,42.98
Vetscan UA14 Test Strips: 25 Count,Diagnostics Laboratory,"Test Strips, Readers, pH Paper",0.04,bottle,04/21/2026 20:43:58,169.80,6.79
Vetspon Flex Sheet: 6 Sheets x 1 count,Wound Care and White Goods,Tissue Adhes Hmstat Lqud Band,1.33,box,11/14/2025 19:38:48,92.07,122.45
"Vetsulin: U-40, 10ml",Pharmaceuticals,Hormones and Analogs,1,vial,04/21/2026 20:15:49,41.29,41.29
Vincristine Sulfate Injectable: 2Ml (1Mg/Ml),Human Generics,Chemotherapy Agents,0,vial,11/14/2025 19:49:42,16.75,0.00
"Viralys Oral Powder for Cats, L-Lysine Supplement, 100gm",Nutraceuticals,Immune Support,0,each,04/06/2026 20:11:43,22.43,0.00
"Virbantel for Medium and Large Dogs 25.1 to 200 Pounds, 50 Flavored Chewables",Parasiticides,Anthelmintics,0.12,bottle,04/21/2026 20:39:02,509.39,61.13
"VIRBANTEL® (pyrantel pamoate/ praziquantel) Flavored Chewables for Small Dogs: 30 mg, 50 Count",Parasiticides,Anthelmintics,0.64,bottle,03/23/2026 16:33:32,204.17,130.67
Visbiome Vet High Potency Probiotic Capsules:B40,,,0,box,03/30/2026 15:09:30,29.88,0.00
Vitamin B Complex Inj - High Potency:100CC,,,0,bottle,03/10/2026 16:38:52,7.27,0.00
Vitamin B12 Injection: 100ml (1000mcg/ml),Pharmaceuticals,"Vitamins, Minerals, and Supplements",0.95,vial,01/15/2026 20:58:43,6.51,6.18
Vitamin C Injection: 100ml (250mg/ml),Pharmaceuticals,"Vitamins, Minerals, and Supplements",1,order unit,01/29/2026 20:59:20,5.28,5.28
Vitamin K Injection: 100ml (10mg/ml),Pharmaceuticals,"Vitamins, Minerals, and Supplements",0.95,vial,01/15/2026 20:58:51,17.77,16.88
"Vitamin K-1 Chewable Tablets, Beef Flavor, 25mg, 50 Count ",,,0.84,bottle,03/23/2026 16:27:32,11.94,10.03
"Vitamin K-1 Chewable Tablets, Beef Flavor, 50mg, 50 Count ",,,0.6,bottle,03/30/2026 15:27:48,20.41,12.25
VS IMAGYST URINE SEDIMENT (40 tests),Diagnostics Laboratory,"Test Strips, Readers, pH Paper",0.5,box,04/06/2026 19:44:50,0.00,0.00
VS OPTICELL CONSUMABLE KIT (50 TESTS),Diagnostics Laboratory,Analyzers: Chemistry,0.64,Pack,04/21/2026 20:11:36,747.50,478.40
VS2 Disposable Pipette Tips: 96 Count,Diagnostics Laboratory,Reagents/Accessories-Chemistry,0.5,package,03/30/2026 14:58:18,6.50,3.25
"VS2 Rotors: Comprehensive Diagnostic Profile, 12 Count",Diagnostics Laboratory,Reagents/Accessories-Chemistry,0.92,box,04/21/2026 20:07:48,468.00,430.56
"VS2 Rotors: Kidney Profile Plus, 12 Count",Diagnostics Laboratory,Reagents/Accessories-Chemistry,0.17,box,04/21/2026 20:07:51,299.95,50.99
"VS2 Rotors: Mammalian Liver Profile, 12 Count",Diagnostics Laboratory,Reagents/Accessories-Chemistry,0.33,box,04/21/2026 20:07:55,333.20,109.96
"VS2 Rotors: Prep Profile II, 12 Count",Diagnostics Laboratory,Reagents/Accessories-Chemistry,1.17,box,04/06/2026 20:14:32,348.55,407.80
"VS2 Rotors: T4/Cholesterol, 12 Count",Diagnostics Laboratory,Reagents/Accessories-Chemistry,0,box,01/05/2026 20:46:13,315.40,0.00
"WebMax Suture: 0, CP-2, 30"", 12 Count",Wound Closure,Synthetic Absorbable Suture,3,Pack,04/06/2026 19:43:41,85.98,257.94
"WebMax Sutures: D303, 30"" (RB1) - 12/Box",Wound Closure,Synthetic Absorbable Suture,0,box,02/26/2026 20:53:23,87.74,0.00
"WebMax Sutures: D421, 30"" (FS2) - 12/Box",Wound Closure,Synthetic Absorbable Suture,0.16,order unit,04/21/2026 20:24:49,89.86,14.38
YUCK! No Chew Spray: 8oz,Nutraceuticals,Behavior,0,order unit,01/15/2026 20:50:35,5.84,0.00
"Zetamine Ketamine HCl Injection, 10mL",Pharmaceuticals,Miscellaneous Pharmaceuticals,0.1,vial,04/21/2026 20:43:42,6.44,0.64
"Zorbium (Buprenorphine) Transdermal Solution for Cats 2.6 to 6.6 Pounds, Opioid Analgesic, 0.4mL",Pharmaceuticals,Analgesics,1.1,box,04/21/2026 20:12:36,104.20,114.62
"Zorbium for Cats: 6.7-16.5 lbs., 1.0 mL, 1 Dose x 10 Count",Pharmaceuticals,Analgesics,0.6,box,04/06/2026 19:43:23,157.50,94.50
"Zycortal Suspension (Desoxycorticosterone Pivalate) Injectable, 4mL",Pharmaceuticals,Hormones and Analogs,1,vial,04/21/2026 20:15:20,163.66,163.66
"ZydaClin (Clindamycin) Oral Drops for Dogs and Cats, 20mL",Pharmaceuticals,Antimicrobial Agents,5,bottle,04/21/2026 20:02:23,2.96,14.80
